file	face	wires	edges	set	points	polygons	first_orientation	stock_s	diagnostic_s	prepared_s	stock_setup_s	prepared_setup_s	wire_tests	ambiguous	bad_wire	mismatches
C:/dev/freecad-kernel-fixes/build/025/probe/Top.brep	3	2	2	random	512	2	1	0.0034956	0.0007962	0.0008282	0.0015607	6.73e-05	831	8	0	0
C:/dev/freecad-kernel-fixes/build/025/probe/Top.brep	3	2	2	boundary	10	2	1	0.0003165	0.0003013	0.0001901	9.75e-05	6.74e-05	15	10	0	0
C:/dev/freecad-kernel-fixes/build/025/probe/Top.brep	4	8	19	random	512	8	1	0.0020514	0.0020133	0.0019732	0.0005664	0.0003044	3398	1	0	0
C:/dev/freecad-kernel-fixes/build/025/probe/Top.brep	4	8	19	boundary	95	8	1	0.007044	0.0058129	0.003032	0.0003052	0.0002669	403	47	0	0
C:/dev/freecad-kernel-fixes/build/025/probe/Top.brep	5	94	101	random	512	94	1	0.0259087	0.0276637	0.0270389	0.0029945	0.0028403	38956	0	0	0
C:/dev/freecad-kernel-fixes/build/025/probe/Top.brep	5	94	101	boundary	505	94	1	0.4186723	0.4460072	0.2298197	0.0028557	0.0027411	23848	473	0	0
C:/dev/freecad-kernel-fixes/build/025/probe/Top.brep	8	2	2	random	512	2	1	0.0007776	0.0007688	0.0010145	7.88e-05	6.12e-05	831	8	0	0
C:/dev/freecad-kernel-fixes/build/025/probe/Top.brep	8	2	2	boundary	10	2	1	0.000271	0.0002431	0.0001553	8.49e-05	5.42e-05	15	10	0	0
C:/dev/freecad-kernel-fixes/build/025/probe/Top.brep	11	2	2	random	512	2	1	0.0007556	0.0007477	0.0006743	6.29e-05	5.3e-05	831	8	0	0
C:/dev/freecad-kernel-fixes/build/025/probe/Top.brep	11	2	2	boundary	10	2	1	0.0002515	0.0002398	0.000153	9.92e-05	5.66e-05	15	10	0	0
C:/dev/freecad-kernel-fixes/build/025/probe/Top.brep	14	2	2	random	512	2	1	0.000854	0.0012969	0.0015859	5.88e-05	5.35e-05	831	8	0	0
C:/dev/freecad-kernel-fixes/build/025/probe/Top.brep	14	2	2	boundary	10	2	1	0.0006556	0.0004235	0.0002698	0.0001335	0.0001875	15	10	0	0
C:/dev/freecad-kernel-fixes/build/025/probe/Top.brep	17	2	2	random	512	2	1	0.001242	0.0012237	0.0012117	0.0001028	8.75e-05	831	8	0	0
C:/dev/freecad-kernel-fixes/build/025/probe/Top.brep	17	2	2	boundary	10	2	1	0.0005894	0.0005205	0.0003248	0.0017617	0.0001169	15	10	0	0
C:/dev/freecad-kernel-fixes/build/025/probe/Top.brep	20	2	2	random	512	2	1	0.001503	0.0015576	0.0013467	0.0001168	0.0001112	831	8	0	0
C:/dev/freecad-kernel-fixes/build/025/probe/Top.brep	20	2	2	boundary	10	2	1	0.0005511	0.0005674	0.0002856	0.0003026	0.0001144	15	10	0	0
C:/dev/freecad-kernel-fixes/build/025/probe/Top.brep	23	2	2	random	512	2	1	0.0012958	0.0013336	0.0012057	0.0001005	9.01e-05	831	8	0	0
C:/dev/freecad-kernel-fixes/build/025/probe/Top.brep	23	2	2	boundary	10	2	1	0.0004535	0.0004308	0.0002547	0.000132	9.93e-05	15	10	0	0
C:/dev/freecad-kernel-fixes/build/025/probe/Top.brep	26	2	2	random	512	2	1	0.0016861	0.0014772	0.0015992	0.0001012	9.45e-05	831	8	0	0
C:/dev/freecad-kernel-fixes/build/025/probe/Top.brep	26	2	2	boundary	10	2	1	0.0005374	0.0004409	0.0004444	0.0002477	9.6e-05	15	10	0	0
C:/dev/freecad-kernel-fixes/build/025/probe/Top.brep	27	8	11	random	512	8	1	0.0033841	0.0036819	0.0049386	0.0004918	0.0005075	3424	0	0	0
C:/dev/freecad-kernel-fixes/build/025/probe/Top.brep	27	8	11	boundary	55	8	1	0.0058786	0.0035512	0.002124	0.0005929	0.000479	251	39	0	0
C:/dev/freecad-kernel-fixes/build/025/probe/Top.brep	30	2	2	random	512	2	1	0.0008115	0.0007876	0.0009606	0.0001292	5.82e-05	831	8	0	0
C:/dev/freecad-kernel-fixes/build/025/probe/Top.brep	30	2	2	boundary	10	2	1	0.0006067	0.0003862	0.0001643	0.0001343	0.0001173	15	10	0	0
C:/dev/freecad-kernel-fixes/build/025/probe/Top.brep	33	2	2	random	512	2	1	0.0008083	0.0007975	0.0007178	7.52e-05	5.66e-05	831	8	0	0
C:/dev/freecad-kernel-fixes/build/025/probe/Top.brep	33	2	2	boundary	10	2	1	0.0002941	0.0002709	0.0001646	8.25e-05	5.61e-05	15	10	0	0
C:/dev/freecad-kernel-fixes/build/025/probe/Top.brep	36	2	2	random	512	2	1	0.0008523	0.0008159	0.0007172	6.67e-05	5.61e-05	831	8	0	0
C:/dev/freecad-kernel-fixes/build/025/probe/Top.brep	36	2	2	boundary	10	2	1	0.0002657	0.000257	0.0001625	7.65e-05	5.67e-05	15	10	0	0
C:/dev/freecad-kernel-fixes/build/025/probe/Top.brep	39	2	2	random	512	2	1	0.0008011	0.0008099	0.00072	6.78e-05	5.61e-05	831	8	0	0
C:/dev/freecad-kernel-fixes/build/025/probe/Top.brep	39	2	2	boundary	10	2	1	0.000263	0.000297	0.0002831	7.39e-05	5.55e-05	15	10	0	0
C:/dev/freecad-kernel-fixes/build/025/probe/Top.brep	42	2	2	random	512	2	1	0.0009135	0.0009249	0.0007493	8.1e-05	9.83e-05	831	8	0	0
C:/dev/freecad-kernel-fixes/build/025/probe/Top.brep	42	2	2	boundary	10	2	1	0.000266	0.0002565	0.0001627	8.71e-05	5.64e-05	15	10	0	0
C:/dev/freecad-kernel-fixes/build/025/probe/Top.brep	45	2	2	random	512	2	1	0.0007733	0.0007283	0.0006706	6.46e-05	5.64e-05	831	4	0	0
C:/dev/freecad-kernel-fixes/build/025/probe/Top.brep	45	2	2	boundary	10	2	1	0.0002682	0.0002578	0.0001644	7.49e-05	7.65e-05	15	10	0	0
C:/dev/freecad-kernel-fixes/build/025/probe/Top.brep	46	2	2	random	512	2	1	0.0007066	0.0006916	0.0006603	6.46e-05	5.6e-05	831	4	0	0
C:/dev/freecad-kernel-fixes/build/025/probe/Top.brep	46	2	2	boundary	10	2	1	0.0002696	0.0002636	0.000164	0.0001045	5.74e-05	15	10	0	0
C:/dev/freecad-kernel-fixes/build/025/probe/Top.brep	47	2	2	random	512	2	1	0.0007035	0.0006979	0.0006589	6.31e-05	5.59e-05	831	4	0	0
C:/dev/freecad-kernel-fixes/build/025/probe/Top.brep	47	2	2	boundary	10	2	1	0.0002666	0.0003299	0.0001659	6.58e-05	5.58e-05	15	10	0	0
C:/dev/freecad-kernel-fixes/build/025/probe/Top.brep	48	2	2	random	512	2	1	0.0007038	0.0007045	0.0008637	6.58e-05	5.56e-05	831	4	0	0
C:/dev/freecad-kernel-fixes/build/025/probe/Top.brep	48	2	2	boundary	10	2	1	0.0004461	0.0002937	0.0002299	0.0001328	9.27e-05	15	10	0	0
C:/dev/freecad-kernel-fixes/build/025/probe/Top.brep	63	2	2	random	512	2	1	0.000973	0.0008402	0.0007053	7.1e-05	5.56e-05	831	8	0	0
C:/dev/freecad-kernel-fixes/build/025/probe/Top.brep	63	2	2	boundary	10	2	1	0.000253	0.0002463	0.0001778	7.38e-05	5.49e-05	15	10	0	0
C:/dev/freecad-kernel-fixes/build/025/probe/Top.brep	149	8	11	random	512	8	1	0.0018419	0.0019023	0.0019354	0.0002676	0.0002438	3459	0	0	0
C:/dev/freecad-kernel-fixes/build/025/probe/Top.brep	149	8	11	boundary	55	8	1	0.0037219	0.0036801	0.0017635	0.000359	0.0002396	251	39	0	0
C:/dev/freecad-kernel-fixes/build/025/probe/Top.brep	157	6	17	random	512	6	1	0.0020357	0.0020301	0.0020554	0.0003454	0.0002996	2390	0	0	0
C:/dev/freecad-kernel-fixes/build/025/probe/Top.brep	157	6	17	boundary	85	6	1	0.0099962	0.0089106	0.0048179	0.0003706	0.000314	200	69	0	0
C:/dev/freecad-kernel-fixes/build/025/probe/Top.brep	235	3	6	random	512	3	1	0.0005965	0.0005778	0.0005742	0.0001168	8.65e-05	1356	0	0	0
C:/dev/freecad-kernel-fixes/build/025/probe/Top.brep	235	3	6	boundary	30	3	1	0.0006342	0.0005944	0.0003391	0.0001179	8.64e-05	61	14	0	0
C:/dev/freecad-kernel-fixes/build/025/probe/Top.brep	239	10	13	random	512	10	1	0.0022993	0.0023194	0.0026164	0.0003022	0.0002907	4308	0	0	0
C:/dev/freecad-kernel-fixes/build/025/probe/Top.brep	239	10	13	boundary	65	10	1	0.0074051	0.0069131	0.0056685	0.0005992	0.0005967	362	49	0	0
C:/dev/freecad-kernel-fixes/build/corpus018/synth/face_grid_16.brep	1	17	20	random	512	17	1	0.003931	0.004584	0.0042614	0.0004939	0.0002591	7264	0	0	0
C:/dev/freecad-kernel-fixes/build/corpus018/synth/face_grid_16.brep	1	17	20	boundary	100	17	1	0.0042196	0.0050173	0.0024629	0.0004089	0.0002656	908	84	0	0
C:/dev/freecad-kernel-fixes/build/corpus018/synth/face_grid_64.brep	1	65	68	random	512	65	1	0.0209084	0.0170185	0.0178706	0.0011172	0.0010527	27457	0	0	0
C:/dev/freecad-kernel-fixes/build/corpus018/synth/face_grid_64.brep	1	65	68	boundary	340	65	1	0.0506448	0.0548505	0.0317342	0.0019185	0.0015954	11252	324	0	0
C:/dev/freecad-kernel-fixes/build/corpus018/synth/face_grid_256.brep	1	257	260	random	512	257	1	0.0634697	0.0710151	0.0661112	0.0042804	0.003873	105900	1	0	0
C:/dev/freecad-kernel-fixes/build/corpus018/synth/face_grid_256.brep	1	257	260	boundary	650	257	1	0.4148366	0.3829053	0.2179003	0.004016	0.0041637	83594	642	0	0
C:/dev/freecad-kernel-fixes/build/corpus018/synth/face_grid_1024.brep	1	1025	1028	random	512	1025	1	0.4117307	0.3436702	0.2930878	0.017981	0.0190051	390663	1	0	0
C:/dev/freecad-kernel-fixes/build/corpus018/synth/face_grid_1024.brep	1	1025	1028	boundary	645	1025	1	2.5579515	2.7363793	1.1716851	0.0161047	0.0263972	331013	641	0	0
